{
  "entrypoints": [
    "main"
  ],
  "origins": {
    "42": [
      869,
      42
    ],
    "69": [
      338,
      401,
      577,
      583,
      869,
      918,
      69
    ],
    "17896441": [
      69,
      869,
      401
    ],
    "main": [
      354,
      869,
      792
    ],
    "runtime~main": [
      792,
      869,
      354
    ],
    "0058b4c6": [
      849
    ],
    "0ae98936": [
      69,
      869,
      338
    ],
    "0e384e19": [
      976
    ],
    "1dc09441": [
      869,
      927
    ],
    "1df93b7f": [
      69,
      869,
      583
    ],
    "2870ccba": [
      213
    ],
    "3021cf83": [
      857
    ],
    "496c10b0": [
      869,
      46
    ],
    "5366e791": [
      869,
      753
    ],
    "5e95c892": [
      647
    ],
    "5f975941": [
      233
    ],
    "67500d10": [
      69,
      869,
      918
    ],
    "7cd1afd3": [
      626
    ],
    "941cbe6a": [
      76
    ],
    "972d9d57": [
      66
    ],
    "a7456010": [
      235
    ],
    "a76de88e": [
      869,
      895
    ],
    "a7bd4aaa": [
      98
    ],
    "a94703ab": [
      869,
      48
    ],
    "aba21aa0": [
      742
    ],
    "b1146c8f": [
      869,
      784
    ],
    "b543de57": [
      869,
      882
    ],
    "bda656dd": [
      69,
      869,
      577
    ],
    "bfbe505e": [
      869,
      505
    ],
    "c179f821": [
      110
    ],
    "e4d27a46": [
      869,
      136
    ],
    "f309eabc": [
      869,
      324
    ],
    "fb2fa903": [
      118
    ],
    "styles": [
      42,
      46,
      48,
      69,
      136,
      324,
      338,
      354,
      401,
      505,
      577,
      583,
      753,
      784,
      792,
      882,
      895,
      918,
      927,
      869
    ]
  },
  "assets": {
    "42": {
      "js": [
        {
          "file": "assets/js/42.52254230.js",
          "hash": "ad05c6f46b296a23",
          "publicPath": "/assets/js/42.52254230.js"
        }
      ]
    },
    "46": {
      "js": [
        {
          "file": "assets/js/496c10b0.4acf3c09.js",
          "hash": "9a4daff5fad9ece5",
          "publicPath": "/assets/js/496c10b0.4acf3c09.js"
        }
      ]
    },
    "48": {
      "js": [
        {
          "file": "assets/js/a94703ab.15c73872.js",
          "hash": "bc586dd6a454aaad",
          "publicPath": "/assets/js/a94703ab.15c73872.js"
        }
      ]
    },
    "66": {
      "js": [
        {
          "file": "assets/js/972d9d57.0750c566.js",
          "hash": "1b081351b0cad776",
          "publicPath": "/assets/js/972d9d57.0750c566.js"
        }
      ]
    },
    "69": {
      "js": [
        {
          "file": "assets/js/69.106f1b32.js",
          "hash": "2bd425978c5ce17b",
          "publicPath": "/assets/js/69.106f1b32.js"
        }
      ]
    },
    "76": {
      "js": [
        {
          "file": "assets/js/941cbe6a.ef378253.js",
          "hash": "d032eb943e5f096d",
          "publicPath": "/assets/js/941cbe6a.ef378253.js"
        }
      ]
    },
    "98": {
      "js": [
        {
          "file": "assets/js/a7bd4aaa.b6fc302d.js",
          "hash": "8ca9be610ed05103",
          "publicPath": "/assets/js/a7bd4aaa.b6fc302d.js"
        }
      ]
    },
    "110": {
      "js": [
        {
          "file": "assets/js/c179f821.bdcd8032.js",
          "hash": "a5879d04c35fca26",
          "publicPath": "/assets/js/c179f821.bdcd8032.js"
        }
      ]
    },
    "118": {
      "js": [
        {
          "file": "assets/js/fb2fa903.9cda5eee.js",
          "hash": "95cd42cc256c5063",
          "publicPath": "/assets/js/fb2fa903.9cda5eee.js"
        }
      ]
    },
    "136": {
      "js": [
        {
          "file": "assets/js/e4d27a46.e0721b85.js",
          "hash": "ee5a84a2e92b2d90",
          "publicPath": "/assets/js/e4d27a46.e0721b85.js"
        }
      ]
    },
    "213": {
      "js": [
        {
          "file": "assets/js/2870ccba.b6715bcd.js",
          "hash": "7cb4e2d3eb4ff2f7",
          "publicPath": "/assets/js/2870ccba.b6715bcd.js"
        }
      ]
    },
    "233": {
      "js": [
        {
          "file": "assets/js/5f975941.46d2fac6.js",
          "hash": "e7a3bdc4c5afc306",
          "publicPath": "/assets/js/5f975941.46d2fac6.js"
        }
      ]
    },
    "235": {
      "js": [
        {
          "file": "assets/js/a7456010.b82eb55b.js",
          "hash": "575d9313399f8329",
          "publicPath": "/assets/js/a7456010.b82eb55b.js"
        }
      ]
    },
    "324": {
      "js": [
        {
          "file": "assets/js/f309eabc.612db6ba.js",
          "hash": "ab06f61ac23b69ef",
          "publicPath": "/assets/js/f309eabc.612db6ba.js"
        }
      ]
    },
    "338": {
      "js": [
        {
          "file": "assets/js/0ae98936.85b78443.js",
          "hash": "2f6a75bb374b7c46",
          "publicPath": "/assets/js/0ae98936.85b78443.js"
        }
      ]
    },
    "354": {
      "js": [
        {
          "file": "assets/js/runtime~main.cd215a6e.js",
          "hash": "66dadc00dccae816",
          "publicPath": "/assets/js/runtime~main.cd215a6e.js"
        }
      ]
    },
    "401": {
      "js": [
        {
          "file": "assets/js/17896441.7ac99e6b.js",
          "hash": "7feccf040b33ace4",
          "publicPath": "/assets/js/17896441.7ac99e6b.js"
        }
      ]
    },
    "505": {
      "js": [
        {
          "file": "assets/js/bfbe505e.9b6c296a.js",
          "hash": "5a68c36c458b53f7",
          "publicPath": "/assets/js/bfbe505e.9b6c296a.js"
        }
      ]
    },
    "577": {
      "js": [
        {
          "file": "assets/js/bda656dd.33fd5c7e.js",
          "hash": "311e55a8a64f284c",
          "publicPath": "/assets/js/bda656dd.33fd5c7e.js"
        }
      ]
    },
    "583": {
      "js": [
        {
          "file": "assets/js/1df93b7f.3cb74c4b.js",
          "hash": "c3517982d22f8c95",
          "publicPath": "/assets/js/1df93b7f.3cb74c4b.js"
        }
      ]
    },
    "626": {
      "js": [
        {
          "file": "assets/js/7cd1afd3.f486ba5f.js",
          "hash": "4ee4095d39841553",
          "publicPath": "/assets/js/7cd1afd3.f486ba5f.js"
        }
      ]
    },
    "647": {
      "js": [
        {
          "file": "assets/js/5e95c892.c250324e.js",
          "hash": "48613e3d122f9b20",
          "publicPath": "/assets/js/5e95c892.c250324e.js"
        }
      ]
    },
    "742": {
      "js": [
        {
          "file": "assets/js/aba21aa0.e2256b29.js",
          "hash": "64fe3c94bcd22c4c",
          "publicPath": "/assets/js/aba21aa0.e2256b29.js"
        }
      ]
    },
    "753": {
      "js": [
        {
          "file": "assets/js/5366e791.4035ce5b.js",
          "hash": "7e48fa53c7d61159",
          "publicPath": "/assets/js/5366e791.4035ce5b.js"
        }
      ]
    },
    "784": {
      "js": [
        {
          "file": "assets/js/b1146c8f.b0856881.js",
          "hash": "b7e491d199ac45cf",
          "publicPath": "/assets/js/b1146c8f.b0856881.js"
        }
      ]
    },
    "792": {
      "js": [
        {
          "file": "assets/js/main.4953940e.js",
          "hash": "1608bfbfd98a31ac",
          "publicPath": "/assets/js/main.4953940e.js"
        }
      ]
    },
    "849": {
      "js": [
        {
          "file": "assets/js/0058b4c6.5285ae89.js",
          "hash": "717de8d117fe981a",
          "publicPath": "/assets/js/0058b4c6.5285ae89.js"
        }
      ]
    },
    "857": {
      "js": [
        {
          "file": "assets/js/3021cf83.7bb298d5.js",
          "hash": "51f45e57e1497788",
          "publicPath": "/assets/js/3021cf83.7bb298d5.js"
        }
      ]
    },
    "869": {
      "css": [
        {
          "file": "assets/css/styles.3196b908.css",
          "hash": "e4c7bd7e3060fabb",
          "publicPath": "/assets/css/styles.3196b908.css"
        }
      ]
    },
    "882": {
      "js": [
        {
          "file": "assets/js/b543de57.95da1b04.js",
          "hash": "40383f7f55876252",